키워드,제목,요약,원문링크,발행일(KST),수집시각(KST)
일학습병행,"인제대·한국공학대 등 4개 대학, 지역인재양성 신규기관 선정",- 직업계고 졸업후 학습 지원 모델 확대·개편…4년제 통합과정 신설 한국산업인력공단은 지역성장엔진 산업과 연계한 일학습병행 후학습모델 신규 운영기관으로 인제대·한국공학대·인천대·수원대 등 4곳을 선정했다고... ,https://n.news.naver.com/mnews/article/001/0016340462?sid=102,2026-09-28 12:00,2026-09-29 11:37
일학습병행,직업계고 졸업 후 취업·학업 병행…4년제 대학 통합과정 신설,- 직업계고에서 일학습병행 과정을 마친 청년이 취업 후 전문대를 거치지 않고 4년제 대학에서 학사 학위까지 취득할 수 있는 통합과정이 내년 신설된다. 한국산업인력공단은 2027년 일학습병행 후학습 과정 운영기관으로... ,https://n.news.naver.com/mnews/article/016/0002702583?sid=101,2026-09-28 12:00,2026-09-29 11:37
직업훈련,"여성 일자리 복귀, '다음 경력'도 연결","- 경기도는 여성새로일하기센터를 중심으로 구직상담과 직업훈련, 취업 연계는 물론 취업 이후 고충 상담과 사후관리까지 지원한다. 지난해 여성새일센터 등을 통해 여성 3만7565명의 취·창업을 연계했다. 또 같은... ",https://n.news.naver.com/mnews/article/015/0005336682?sid=102,2026-09-28 16:04,2026-09-29 11:37
직업훈련,"빅트리아르케, ‘2026 미래내일일경험’ 청소년센터 인턴십 성황리 종료","- 청년 밀착 케어를 주도하는 아르케는 고용서비스 및 직업훈련 부문에서 12년의 역사와 전문성을 자랑하는 리딩 기관으로 2026년 미래내일일경험프로젝트형·인턴형·ESG지원형 사업 운영기관으로 모두 선정되며, 다년간... ",https://n.news.naver.com/mnews/article/029/0003050142?sid=102,2026-09-28 11:39,2026-09-29 11:37
직업훈련,전남광주·전북 '중장년고용 강조주간' 행사 다채,"- '지역을 잇다, 중장년을 키우다'라는 주제로 마련한 이번 '중장년고용 강조주간'은 중장년층에게 경력설계·일경험·직업훈련 등 지역 내 다양한 경력지원서비스를 알리고 적극적인 참여를 유도하기 위해 마련됐다. 특히... ",https://n.news.naver.com/mnews/article/417/0001159359?sid=102,2026-09-28 10:25,2026-09-29 11:37
직업훈련,'교도소 좋아' 재수감 되고파 다시 범행...잇달아 '철컹',"- 공단의 주요 서비스에는 숙식 제공, 주거지원, 직업훈련, 취업지원, 창업지원 등이 포함된 것으로 나타났다. 전문가들은 “사회에는 양심과 법을 지키기 위해 아무리 힘들고 어려워도 선을 넘지 않는 사람들이 많다”... ",https://n.news.naver.com/mnews/article/018/0006376208?sid=102,2026-09-28 10:18,2026-09-29 11:37
직업훈련,"재취업 원하는 중장년 구직자 오세요…대구노동청, '맞춤형 행사' 운영",- 10월 1일에는 대구 고용·복지+센터에서 자신에게 맞는 직업훈련 과정을 고르는 방법을 안내하는 '중장년의 슬기로운 직업훈련 선택 특강'이 열린다. 같은 날 대구중장년내일센터는 대구보건대학교에서 보건·복지... ,https://n.news.naver.com/mnews/article/277/0005821385?sid=102,2026-09-28 09:33,2026-09-29 11:37
직업훈련,학력·능력주의 속 소외된 女노동자…'산업화 시기 기술노동',"- 직업훈련법 제정 60년을 1년 앞두고 열리는 강연으로, '한국 기술노동의 사회사'를 저술한 장미현 한국여성인권진흥원 일본군 '위안부' 문제연구소 아카이브 팀장이 연단에 오른다. 주제는 '당신의 기술노동은 존중받고... ",https://n.news.naver.com/mnews/article/003/0014216726?sid=103,2026-09-28 09:30,2026-09-29 11:37
직업훈련,"산업화 시기, 기술노동의 명암…대한민국역사박물관 30일 강연","- 1967년 제정된 '직업훈련법' 이후 직업훈련 제도의 도입과 전개 과정, 국가인력 육성 정책에서 배제된 여성 기술노동자의 실상 등도 함께 짚는다. 올해 박물관이 자체 조사한 구미의 산업유산과 관련된 내용도 소개할... ",https://n.news.naver.com/mnews/article/001/0016339734?sid=103,2026-09-28 09:25,2026-09-29 11:37
직업훈련,[아프리카 녹색전환] ③그린 ODA 2.0…농업서 에너지까지 '자립 생태계',- 이집트에서는 자동차 정비 직업훈련원 4곳을 거점으로 친환경 자동차 정비 기술 고도화 사업이 진행된다. 전기차와 천연가스 차량 정비 교육과 현지 교사 역량 강화를 지원하고 있다. 마다가스카르에서는 유네스코와... ,https://n.news.naver.com/mnews/article/001/0016339528?sid=102,2026-09-28 07:00,2026-09-29 11:37
한국산업인력공단,"한국, 상하이 국제기능올림픽서 종합 2위…금4·은14·동6","- 고용노동부와 한국산업인력공단은 지난 22일부터 27일까지 열린 상하이 국제기능올림픽대회에서 우리나라 선수단이 금메달 4개, 은메달 14개, 동메달 6개, 우수 16개를 획득해 253점을 얻었다고 28일 밝혔다.... ",https://n.news.naver.com/mnews/article/215/0001267447?sid=101,2026-09-28 18:11,2026-09-29 11:37
한국산업인력공단,"경기광역새일센터, 국가전문자격시험 합격자·구직자 대상 사회복지 분...","- 참여 대상은 한국산업인력공단 국가전문자격시험 합격자 가운데 취업 지원을 희망하는 사람과 일반 구직자다. 참여 희망자는 홍보 포스터 내 큐알(QR) 코드를 통해 사전 신청할 수 있으며, 신청 과정에서 멘토에게 묻고... ",https://n.news.naver.com/mnews/article/666/0000125198?sid=102,2026-09-28 17:18,2026-09-29 11:37
한국산업인력공단,“위협 아닌 도구”… AI 시대 숙련의 미래를 엿보다,- 이번 대회 선수단장을 맡은 이병훈 한국산업인력공단 이사장은 “몸 쓰는 기술은 AI에 대체되는 시간이 상대적으로 더디게 온다”며 “AI는 산업경쟁력이나 일자리에 있어 (젊은 숙련기술인들에게) 또 다른 기회”라고... ,https://n.news.naver.com/mnews/article/005/0001875260?sid=102,2026-09-28 01:23,2026-09-29 11:37
한국산업인력공단,"공인중개사 자격시험, 지원자 줄고 합격률은 높아져","이번 제36회 공인중개사 자격증 합격 여부는 한국산업인력공단 큐넷 누리집에서 확인할 수 있으며, 자격증은 택배 또는 방문으로 받을 수 있다. 경북에서 방문 수령을 원하면 다음달 15~17일 신분증을 갖고... ",https://n.news.naver.com/mnews/article/003/0013629499?sid=102,2025-11-30 09:32,2025-12-01 15:00
